franchiseName,gamesPlayed,wins,losses,winLoss,championships
BOS,5845,3450,2395,0.59,17
LAL,5735,3416,2319,0.596,17
MEM,2039,849,1190,0.416,0
MIA,2617,1364,1253,0.521,3
WAS,4817,2170,2647,0.45,1
ATL,5668,2791,2877,0.492,1
IND,4342,2238,2104,0.515,3
DAL,3273,1642,1631,0.502,1
OKC,4337,2347,1990,0.541,1
SAC,5737,2615,3122,0.456,1
NOP,1498,694,804,0.463,0
CLE,4084,1884,2200,0.461,1